epoch,t_ms,a_220,a_221,a_222,R_ovt_q05,R_ovt_median,R_ovt_q95,f_w_Hz,M_obs_single
0,0.0,3.703121431368408e-21,8.53852493992067e-21,7.505270386949989e-21,0.5295804004156854,0.9110734653368503,0.9787776488635037,237.83956110518864,84.78167851
1,0.3369477856,3.545771573080931e-21,7.426065035363082e-21,5.8487006590933725e-21,0.5302626390079809,0.8751858573830107,0.9777340955246758,240.0307590018728,79.16204411
2,0.6738955712,3.293923974070213e-21,6.3066042940918e-21,4.675666576466069e-21,0.3755052419651137,0.857770726693891,0.980546844706262,241.6139645593357,77.41673276
3,1.010843357,3.475631209543907e-21,9.371040240920559e-21,8.587819659954538e-21,0.6261343131430906,0.9292422296933679,0.9821563160348121,242.646429181116,76.06692313
4,1.347791142,3.076461928074267e-21,5.54131487443014e-21,4.147637095908632e-21,0.4521118220946266,0.8373800685838964,0.9680044584325508,243.3410357094184,76.27508178
5,1.684738928,3.2788662908124116e-21,7.07338730793233e-21,5.921005962248946e-21,0.49060690498782766,0.8948430157607374,0.9865803804727921,243.03974096527762,77.60909096
6,2.021686713,2.7072867387953e-21,4.760556697406441e-21,3.7526557639731045e-21,0.5629019682392218,0.8614682848363175,0.9758656320787509,245.78825664196728,77.29482449
7,2.358634499,2.8027968562553953e-21,4.815109739731959e-21,5.332887671376217e-21,0.6184380400596152,0.8783246909795905,0.9719516442453054,243.50133677493687,77.40747464
8,2.695582285,2.5958891294229787e-21,3.1603942928426928e-21,2.961586990185093e-21,0.44338987371738703,0.7630656313676802,0.9547041394530987,243.03528196877818,77.57428525
9,3.03253007,2.3513946447690643e-21,2.55550932564437e-21,2.2803160956475354e-21,0.28640579657322407,0.710081698172045,0.9705542251743033,243.92708490008587,73.94757351
10,3.369477856,2.3910226408751355e-21,2.4375823369472503e-21,2.4857002144569698e-21,0.29330305083886493,0.7235183773338711,0.960413090126563,242.6420177398407,72.54570896
11,3.706425641,2.1938191007946756e-21,1.940672320866201e-21,1.9445187598457546e-21,0.1372115122403976,0.6791638428741836,0.9600683074109654,242.89902653336998,72.64958686
12,4.043373427,2.1395623538577327e-21,2.1488055252595767e-21,2.2870243130775404e-21,0.18530326384042123,0.7519208819485381,0.9728057574975025,239.6046426108508,73.26453671
13,4.380321213,1.8424475174882957e-21,1.6265426538263275e-21,1.5874549149302665e-21,0.11605661355258691,0.6756866314957759,0.9754797937292943,242.44233477650448,70.17173901
14,4.717268998,1.9795684011259993e-21,2.1663469604862053e-21,2.6786833610886802e-21,0.1975200577357646,0.8150012491343128,0.9859567278539396,235.82043874866707,69.26509352
15,5.054216784,1.6756758746440049e-21,1.8182263202078243e-21,1.9741148605677387e-21,0.1166587885277647,0.8139800751961611,0.9827384180584398,238.67668761333664,64.33139759
16,5.391164569,1.6099935171437284e-21,1.9478010321693748e-21,2.206658835123144e-21,0.19472350875852526,0.8354592246436519,0.9880041950306236,238.5073632358824,65.10783288
17,5.728112355,1.572129263347936e-21,2.0138339332766098e-21,2.5696561040513897e-21,0.22527603850939168,0.8655993501459515,0.9900325338431922,236.5145720519277,64.88771752
18,6.06506014,1.456714111077727e-21,1.8080825937424597e-21,2.5785046264212388e-21,0.23962616326671582,0.8583439019044354,0.9878148998453968,237.16686055767633,64.99732826
19,6.402007926,1.331450667082e-21,1.7135832088274584e-21,2.427602566218058e-21,0.2985056465062256,0.8697500331277905,0.9855476875557436,242.11183345247866,60.99930357
20,6.738955712,1.297779929686793e-21,1.889362147279127e-21,2.759830558640966e-21,0.4059539125523623,0.8893890146612928,0.9917704504626687,242.4032353506298,63.3952921
