epoch,t_ms,elpd_single_220,elpd_multi_220p221,delta_elpd_multi_minus_single
0,0.0000,235059.1259,235081.3422,22.2162
1,0.3369,235074.8526,235083.5166,8.6639
2,0.6739,235080.1394,235084.7083,4.5689
3,1.0108,235085.8842,235085.5245,-0.3597
4,1.3478,235086.2282,235087.6588,1.4306
5,1.6847,235088.5727,235089.1363,0.5636
6,2.0217,235089.2582,235094.8695,5.6114
7,2.3586,235091.5184,235096.1280,4.6096
8,2.6956,235091.1006,235099.0988,7.9983
9,3.0325,235099.9481,235100.1093,0.1612
10,3.3695,235102.0483,235100.2748,-1.7735
11,3.7064,235103.4484,235100.6297,-2.8187
12,4.0434,235103.1603,235100.7286,-2.4317
13,4.3803,235102.9760,235100.5708,-2.4052
14,4.7173,235103.1981,235100.5333,-2.6649
15,5.0542,235105.0143,235102.6272,-2.3872
16,5.3912,235103.5472,235101.4348,-2.1124
17,5.7281,235103.3497,235101.3090,-2.0407
18,6.0651,235105.8105,235103.6351,-2.1755
19,6.4020,235105.9822,235103.8528,-2.1294
20,6.7390,235104.7169,235102.9124,-1.8046
