epoch,t_ms,n_samp,n_mode,m_median,m_mean,m_std,m_q05,m_q16,m_q84,m_q95,chi_median,chi_mean,chi_std,chi_q05,chi_q16,chi_q84,chi_q95,area_median,area_mean,area_std,area_q05,area_q16,area_q84,area_q95,tau_mode0_ms
0,0,4000,1,84.78167851,84.66924492,2.611877013,80.23147134,82.02085546,87.27030089,88.81708424,0.8028868605,0.7996117963,0.03183006327,0.7425610911,0.7683690189,0.8312674723,0.8459897856,6.285962065e+11,6.274907278e+11,2.338030014e+10,5.873295052e+11,6.040804717e+11,6.507728159e+11,6.647832323e+11,5.536222609
1,0.3369477856,4000,1,79.16204411,79.11469797,2.781253168,74.51275152,76.30424833,81.91332786,83.57428937,0.7430923911,0.7390491685,0.04199394679,0.6648092276,0.6980998283,0.7803509578,0.800538331,5.730749337e+11,5.727377714e+11,2.546932995e+10,5.304140713e+11,5.472121532e+11,5.98133608e+11,6.141214133e+11,4.937517177
2,0.6738955712,4000,1,77.41673276,77.40480971,2.851556496,72.6418337,74.55525752,80.25230003,82.01324097,0.7286965122,0.7252998199,0.04432923775,0.6466534642,0.6820390844,0.7691170164,0.7913219932,5.5328803e+11,5.530624738e+11,2.627688505e+10,5.084845173e+11,5.272911817e+11,5.794728219e+11,5.953975441e+11,4.789659089
3,1.010843357,4000,1,76.06692313,76.0661402,2.956144226,71.18786404,73.17350175,79.08616813,80.93228366,0.7285836483,0.7252700438,0.04511484976,0.6440836464,0.6813865829,0.7694396179,0.7915845675,5.345414875e+11,5.340885352e+11,2.742554812e+10,4.897193271e+11,5.066106798e+11,5.618921617e+11,5.790426462e+11,4.707004585
4,1.347791142,4000,1,76.27508178,76.27967653,2.946682125,71.41666598,73.30068031,79.23880563,81.19865286,0.7347979319,0.7312580976,0.04488568827,0.6526072379,0.6865867614,0.7753063071,0.7993821517,5.352119694e+11,5.350294673e+11,2.714276933e+10,4.908392928e+11,5.075799199e+11,5.626412894e+11,5.80333093e+11,4.73257141
5,1.684738928,4000,1,77.60909096,77.51172689,3.008265514,72.48580566,74.54505198,80.53615082,82.39072856,0.7648301274,0.7607415361,0.04328683261,0.6832820949,0.7190666944,0.8036292287,0.8251651352,5.420596084e+11,5.41438708e+11,2.691860425e+10,4.964763434e+11,5.147588412e+11,5.682366666e+11,5.851253606e+11,4.911039715
6,2.021686713,4000,1,77.29482449,77.19238304,3.288030869,71.66093479,73.92709075,80.44436344,82.50946835,0.7620213365,0.7556100998,0.05068415159,0.6626652309,0.7062862885,0.803978154,0.827276038,5.39102956e+11,5.384450122e+11,2.871030876e+10,4.897212189e+11,5.102515964e+11,5.672395678e+11,5.854099116e+11,4.879780734
7,2.358634499,4000,1,77.40747464,77.24804711,3.775592213,70.77929999,73.48592316,80.97129978,83.09234446,0.7639936873,0.7549773932,0.05953705352,0.6444815563,0.7003606225,0.8109363817,0.83397123,5.403773875e+11,5.387744503e+11,3.265735344e+10,4.822369607e+11,5.070546489e+11,5.717270993e+11,5.892068629e+11,4.898115435
8,2.695582285,4000,1,77.57428525,77.51404502,3.936273493,70.85949245,73.62874181,81.50095365,83.8507434,0.7639629599,0.7579244081,0.05887934855,0.6480397391,0.701561983,0.8151452464,0.8402521748,5.423665826e+11,5.412999589e+11,3.422443105e+10,4.837917741e+11,5.072093772e+11,5.756009174e+11,5.960496944e+11,4.905433219
9,3.03253007,4000,1,73.94757351,73.84097308,4.169187391,67.07654448,69.59715752,77.91954136,80.63465029,0.73820583,0.7298667552,0.06774815091,0.6074629305,0.665661161,0.7950468006,0.8241413979,5.014362442e+11,5.003022291e+11,3.670683394e+10,4.409200782e+11,4.629124966e+11,5.363260819e+11,5.599177054e+11,4.598552906
10,3.369477856,4000,1,72.54570896,72.5171026,4.132209501,65.68192433,68.40758279,76.55103841,79.13633628,0.7359875633,0.7276841563,0.06731574395,0.6062807028,0.6638869133,0.7903464988,0.8235011806,4.840480475e+11,4.832663943e+11,3.614840478e+10,4.237759361e+11,4.470540753e+11,5.184749798e+11,5.399419578e+11,4.512255974
11,3.706425641,4000,1,72.64958686,72.594692,4.107676586,65.70632605,68.52296404,76.65940972,79.13027223,0.7563775238,0.7483387759,0.06298695386,0.6349107182,0.6893690199,0.8082430023,0.8352001458,4.786118273e+11,4.7787803e+11,3.567045601e+10,4.189154559e+11,4.426859042e+11,5.128083451e+11,5.349103114e+11,4.57490129
12,4.043373427,4000,1,73.26453671,73.09393786,4.29307216,65.96592868,68.84437409,77.35459502,79.93841595,0.7703663576,0.7612330787,0.06514506659,0.6408948616,0.6998199185,0.8222997535,0.8504278006,4.80893057e+11,4.79702902e+11,3.637796773e+10,4.179407669e+11,4.441389915e+11,5.149956122e+11,5.374130715e+11,4.655246858
13,4.380321213,4000,1,70.17173901,70.05389457,4.938272222,61.69729478,65.24905669,75.10719941,77.99284149,0.7141022703,0.6991627666,0.09794519395,0.5139648024,0.6102215167,0.7898465341,0.8302125983,4.57937641e+11,4.56849939e+11,4.146252598e+10,3.861244091e+11,4.165952727e+11,4.98925877e+11,5.222698362e+11,4.30956506
14,4.717268998,4000,1,69.26509352,69.22650345,5.521990465,59.95065908,63.66526401,74.78507673,78.33966677,0.6976660625,0.6785464845,0.1138094068,0.4608606762,0.5686334276,0.7876502529,0.8300437536,4.518140999e+11,4.502146461e+11,4.661576333e+10,3.703144453e+11,4.030226135e+11,4.965061298e+11,5.261510944e+11,4.22004723
15,5.054216784,8000,1,64.33139759,64.34514565,6.061705134,54.30199247,58.05829133,70.41686894,74.4598196,0.6086168696,0.5823279716,0.1517918377,0.2887698562,0.426272542,0.7295934604,0.7870787797,4.063611353e+11,4.05800269e+11,5.306882957e+10,3.155441069e+11,3.513113242e+11,4.586218545e+11,4.924317196e+11,3.795164135
16,5.391164569,4000,1,65.10783288,65.07133557,6.233090981,54.61091231,58.59503391,71.2589484,75.44423647,0.6159334373,0.5892891943,0.1527429718,0.28309712,0.4359248483,0.7335812811,0.795686194,4.150862403e+11,4.138017442e+11,5.548599671e+10,3.187317655e+11,3.568883432e+11,4.694882228e+11,5.044565848e+11,3.843118655
17,5.728112355,4000,1,64.88771752,64.94479717,6.58707412,54.10422821,58.06680769,71.77759914,75.70458561,0.6223521451,0.5916523714,0.16083791,0.2779844723,0.4270152962,0.7451144498,0.8018905937,4.113413455e+11,4.111157435e+11,5.836324994e+10,3.127498742e+11,3.5094052e+11,4.705204198e+11,5.046931354e+11,3.844241954
18,6.06506014,4000,1,64.99732826,64.95660647,6.990795592,53.00242404,57.73149469,72.23766632,76.32711818,0.6224989487,0.5838772152,0.1856402181,0.1960232392,0.4066229082,0.7583284403,0.8160169003,4.125540032e+11,4.106917772e+11,6.096798443e+10,3.034052318e+11,3.48168984e+11,4.724177667e+11,5.067202811e+11,3.845854941
19,6.402007926,4000,1,60.99930357,61.422615,6.626290622,51.62453982,54.4792745,68.34623988,72.99588474,0.4964831963,0.4705651733,0.2103929565,0.09057406403,0.2262188378,0.6918598167,0.7734965898,3.8058628e+11,3.816148915e+11,5.85223607e+10,2.902048723e+11,3.203043573e+11,4.429631207e+11,4.830115375e+11,3.506735924
20,6.738955712,4000,1,63.3952921,64.08050907,8.173626738,52.0694361,55.33398047,72.7885897,78.42454221,0.5650720135,0.5320619175,0.2268416379,0.1034863998,0.2674953331,0.7694301342,0.8429035972,4.020123828e+11,4.038815774e+11,6.982995393e+10,2.9504658e+11,3.286771196e+11,4.771883299e+11,5.230307415e+11,3.693248303
21,7.075903497,4000,1,58.81358732,59.80484385,7.449613241,49.74500751,52.14582594,67.56729509,73.39426191,0.4532196176,0.4368382374,0.2267652935,0.05085580505,0.1714321624,0.6828568594,0.7833283681,3.582811633e+11,3.64492459e+11,6.618246058e+10,2.699849257e+11,2.949308087e+11,4.329234562e+11,4.813236401e+11,3.361016276
22,7.412851283,4000,1,57.23763986,58.60169851,7.738541631,48.44486361,51.03389325,66.5798716,73.66762011,0.4276427486,0.4246776743,0.2260409495,0.06144392159,0.1641760815,0.6770452469,0.7864641242,3.420358693e+11,3.51372643e+11,6.887050662e+10,2.567271118e+11,2.825384059e+11,4.222559852e+11,4.801779055e+11,3.254393555
23,7.749799068,4000,1,55.05113278,56.4829531,7.696247377,46.37768324,49.08386421,64.39520012,70.73556592,0.4149775419,0.4161836872,0.2189487643,0.06732342691,0.1679350984,0.6586651802,0.7697125139,3.174616921e+11,3.280122205e+11,6.819264682e+10,2.348056267e+11,2.615462762e+11,3.983434128e+11,4.54182079e+11,3.128309295
24,8.086746854,4000,1,54.17877919,55.4533433,7.767235322,45.27429582,47.95451215,62.98254539,70.49928013,0.3919313701,0.3938763913,0.2330451354,0.03323637652,0.1227995982,0.656005717,0.7794067407,3.080837932e+11,3.174062973e+11,6.833712096e+10,2.241215902e+11,2.496108042e+11,3.854592268e+11,4.472304755e+11,3.06746904
25,8.423694639,4000,1,54.82347098,56.27918309,8.387923766,45.38727562,48.36458882,64.41270979,72.62873234,0.4235673248,0.4235629087,0.2347288081,0.04848379519,0.1564833655,0.6816143122,0.808027238,3.133336588e+11,3.238827031e+11,7.298339038e+10,2.246172546e+11,2.529391098e+11,3.957979222e+11,4.626704326e+11,3.123802334
26,8.760642425,4000,1,59.99754551,61.92535825,12.20960918,45.70211789,49.49051629,75.19510116,84.47878123,0.6134795256,0.5710889454,0.260145132,0.08608613633,0.2625743538,0.8497626351,0.9166535346,3.530367622e+11,3.666907141e+11,1.022457957e+11,2.240914713e+11,2.622576239e+11,4.781062425e+11,5.504743108e+11,3.54287171
27,9.097590211,4000,1,60.95527608,62.74994447,12.71651009,45.27916559,49.97223402,75.98900425,86.69695158,0.6256715556,0.5836700739,0.2558913766,0.1047051144,0.2854665513,0.8546711107,0.9280741646,3.615657169e+11,3.744315468e+11,1.074969037e+11,2.213189079e+11,2.653128448e+11,4.892323194e+11,5.720856384e+11,3.613580931
28,9.434537996,4000,1,63.41271724,65.15954908,14.30176398,45.47898815,50.70589938,80.28018084,90.56840677,0.6614698919,0.6044314183,0.2634597008,0.1085368807,0.2883476766,0.883100579,0.9416630358,3.853152503e+11,3.991576723e+11,1.290771732e+11,2.216539307e+11,2.713862926e+11,5.292732767e+11,6.117271913e+11,3.805837128
29,9.771485782,4000,1,50.40369621,53.93765643,13.90988429,37.13585432,41.24405306,68.13843866,81.70223647,0.4950790369,0.4901520282,0.2672506929,0.04999173458,0.1747455331,0.7981619301,0.9010418093,2.590331238e+11,2.926413143e+11,1.249087029e+11,1.495897676e+11,1.80318935e+11,4.159962423e+11,5.377121893e+11,2.915162998
30,10.10843357,4000,1,52.16872312,54.79344052,13.96378588,36.26852477,41.04295062,69.47898997,81.12807898,0.4905645121,0.4847590654,0.264532885,0.05993487881,0.1671576485,0.7856993288,0.889495999,2.799704253e+11,3.036556314e+11,1.249808063e+11,1.429474786e+11,1.785447968e+11,4.403529219e+11,5.372621281e+11,3.010914183
