epoch,t_ms,n_samp,n_mode,m_median,m_mean,m_std,m_q05,m_q16,m_q84,m_q95,chi_median,chi_mean,chi_std,chi_q05,chi_q16,chi_q84,chi_q95,area_median,area_mean,area_std,area_q05,area_q16,area_q84,area_q95,tau_mode0_ms,tau_mode1_ms
0,0,4000,2,71.24530466,71.2320333,2.885692941,66.48262032,68.30521808,74.11205246,75.94483432,0.6820806355,0.6764276013,0.05838954387,0.5729901782,0.6185772585,0.7337064411,0.7633429208,4.816132184e+11,4.813431335e+11,2.555679769e+10,4.385116554e+11,4.557309811e+11,5.071688966e+11,5.219480285e+11,4.31412701,1.426448809
1,0.3369477856,4000,2,74.46475897,74.36288634,3.112694226,69.22755439,71.28521983,77.45901657,79.32146357,0.7545980164,0.7480774715,0.05549099062,0.6466464613,0.6946519224,0.8013849599,0.8261501762,5.023871723e+11,5.020495496e+11,2.587592774e+10,4.595684279e+11,4.765515152e+11,5.279852329e+11,5.439942551e+11,4.677381694,1.549050291
2,0.6738955712,4000,2,74.85066427,74.73406911,3.675341415,68.5139925,71.14405857,78.35032145,80.60592552,0.762884989,0.7535217544,0.06623786585,0.6292818033,0.6937679863,0.8157724518,0.8432438516,5.048579473e+11,5.041890436e+11,2.954145371e+10,4.541858133e+11,4.757125336e+11,5.329971299e+11,5.513290145e+11,4.731320692,1.567517631
3,1.010843357,4000,2,76.05851928,76.10393023,4.086074004,69.28636681,72.02498936,80.22858572,82.73954602,0.7783035712,0.7706561196,0.06694836579,0.6490752615,0.7056350657,0.836544282,0.8663636065,5.160805115e+11,5.158801515e+11,3.267488124e+10,4.609303623e+11,4.830935805e+11,5.480779052e+11,5.677594452e+11,4.863093085,1.611487047
4,1.347791142,4000,2,73.40713178,73.34001173,4.114159967,66.41071077,69.22491013,77.44741409,80.11810847,0.7531227412,0.7444075953,0.06976032354,0.6181581035,0.6777036542,0.8109176499,0.8439167051,4.889753067e+11,4.883683689e+11,3.407682604e+10,4.30873235e+11,4.550686427e+11,5.218189707e+11,5.441130246e+11,4.610627962,1.526886992
5,1.684738928,4000,2,71.8710873,71.96162609,4.140463652,65.2512849,67.92148044,76.01272377,78.94506539,0.741081853,0.7344458409,0.06917344743,0.6117921385,0.6685462054,0.8017633076,0.8348255038,4.73264404e+11,4.735384433e+11,3.527079817e+10,4.159294859e+11,4.386812374e+11,5.078387983e+11,5.327963348e+11,4.480650959,1.483383839
6,2.021686713,8000,2,69.1592298,69.17359097,4.015749186,62.65514882,65.21572001,73.06838404,75.74037704,0.7241525221,0.7172878776,0.0693230413,0.5947908901,0.6525550695,0.7827455794,0.8150444093,4.426500085e+11,4.425985589e+11,3.455843339e+10,3.868443402e+11,4.085740337e+11,4.76504504e+11,4.995180159e+11,4.270653171,1.41351593
7,2.358634499,4000,2,68.68977206,68.63769518,4.222146009,61.6982065,64.46568884,72.89331446,75.44661769,0.7247904762,0.716267254,0.072162443,0.5879546433,0.648507331,0.7854646893,0.81855358,4.361044743e+11,4.359473322e+11,3.689851682e+10,3.757471027e+11,3.990657496e+11,4.729066889e+11,4.958924963e+11,4.242997955,1.404056376
8,2.695582285,4000,2,65.25770649,65.32547734,4.079677451,58.72206165,61.29892249,69.44361111,72.05986976,0.6395207003,0.6299147988,0.09623121423,0.4511900714,0.5376655447,0.7243502947,0.7665057274,4.122750972e+11,4.127255764e+11,3.509908862e+10,3.559240228e+11,3.778941905e+11,4.480722121e+11,4.707016887e+11,3.883184474,1.282616506
9,3.03253007,8000,2,66.74953119,66.87157552,5.312901099,58.42625224,61.49769772,72.07090361,75.87815745,0.6698988023,0.6531655826,0.1163677065,0.437091578,0.539731105,0.7640482287,0.8137486352,4.252019435e+11,4.259603385e+11,4.522470595e+10,3.536609511e+11,3.805512751e+11,4.701899952e+11,5.014560386e+11,4.022344917,1.329433241
10,3.369477856,4000,2,65.30541369,65.64701956,6.840917946,55.31551629,59.06252293,72.2732703,76.5868368,0.6406824686,0.6206336348,0.1466446196,0.3445033982,0.4736761286,0.7618323788,0.8196439462,4.125893079e+11,4.148366824e+11,5.89543332e+10,3.237858974e+11,3.580773482e+11,4.713662921e+11,5.081144904e+11,3.886265747,1.283398665
11,3.706425641,8000,2,67.46682627,67.94707941,8.651032695,55.7229311,60.15131508,74.58237484,79.77117611,0.6779186172,0.6521896441,0.1531545683,0.3558139938,0.5064610778,0.7908214329,0.8490724067,4.326289538e+11,4.354891649e+11,7.349470325e+10,3.284034751e+11,3.684195498e+11,4.926054801e+11,5.356802328e+11,4.075864431,1.347457191
12,4.043373427,8000,2,64.37139543,64.89605309,7.727927691,53.38824462,57.33685534,72.19013304,77.12358384,0.6077836445,0.5808167,0.1808621184,0.2338075645,0.3952532274,0.7581614562,0.8245957463,4.072488389e+11,4.099908589e+11,6.625313638e+10,3.067853057e+11,3.443921566e+11,4.73266141e+11,5.135730618e+11,3.792093323,1.251537972
13,4.380321213,4000,2,65.9709351,65.91483209,7.634978994,53.64743253,58.19869234,73.12041397,77.83214398,0.6421087067,0.6046051335,0.1823573952,0.2203412795,0.4326420846,0.7717193739,0.8311248176,4.202397762e+11,4.186550474e+11,6.597228966e+10,3.094986974e+11,3.519476005e+11,4.817536679e+11,5.183170196e+11,3.925616845,1.296676316
14,4.717268998,4000,2,62.44805195,62.90454963,7.815438152,51.25356467,54.6399116,70.66211647,76.5419359,0.5635579141,0.5237984066,0.2162342311,0.1017178004,0.2800947149,0.7367694272,0.8170266319,3.90459653e+11,3.920784376e+11,6.808875272e+10,2.858324702e+11,3.191496223e+11,4.603266112e+11,5.102726448e+11,3.640655724,1.199813232
15,5.054216784,4000,2,64.29908355,66.08867089,11.25340362,52.14430668,56.1027893,74.97325525,90.01551497,0.6062556964,0.5783901505,0.2233262218,0.1611063226,0.3395919737,0.8031220504,0.9223705931,4.043790889e+11,4.184518877e+11,9.504026704e+10,2.946680293e+11,3.322769472e+11,4.940202043e+11,6.118599148e+11,3.783769609,1.248657033
16,5.391164569,4000,2,63.05189355,64.5986567,10.77940123,51.29917954,54.65519453,73.20519313,85.1654759,0.5764439472,0.5494033075,0.2275110522,0.1396299553,0.2903370838,0.7775565152,0.9039648471,3.953339597e+11,4.053987898e+11,9.213141006e+10,2.851065678e+11,3.193704447e+11,4.787334621e+11,5.703553754e+11,3.68787482,1.215679316
17,5.728112355,8000,2,61.3505669,62.79305251,10.0438933,50.19865057,53.284319,71.52919903,80.81958389,0.5392386433,0.5116576845,0.2390715145,0.08661923708,0.2354061037,0.7585436516,0.8719782989,3.790710626e+11,3.888775026e+11,8.629960308e+10,2.747718545e+11,3.052367916e+11,4.646245e+11,5.361630991e+11,3.556255037,1.171428627
18,6.06506014,4000,2,60.9682501,62.56579865,10.20491646,49.74792186,53.01468862,71.66411522,80.38863675,0.5377014111,0.5132883484,0.2377064603,0.09333347871,0.2414137752,0.7634008336,0.8664865694,3.752738184e+11,3.861503656e+11,8.907824023e+10,2.694802118e+11,3.020891341e+11,4.647654176e+11,5.37980484e+11,3.53670458,1.165438081
19,6.402007926,4000,2,57.46821309,59.37499335,9.656425305,47.38056181,50.67340959,68.13882814,77.34655334,0.4538617588,0.4503265203,0.2408834093,0.06318127824,0.1730285746,0.7124647789,0.8427303734,3.418070147e+11,3.562940934e+11,8.582555945e+10,2.441244561e+11,2.76559609e+11,4.349737179e+11,5.1061719e+11,3.275563752,1.076373958
20,6.738955712,8000,2,56.03965088,58.90880402,11.71464339,46.36037549,49.23447052,67.94418253,82.37834985,0.4259772723,0.4342214251,0.2540813887,0.04337130299,0.1451856546,0.7163742413,0.8716919533,3.269982002e+11,3.513588822e+11,1.068433062e+11,2.342018526e+11,2.628510721e+11,4.312291248e+11,5.525241425e+11,3.185185434,1.045798584
